title,topic,industry,content,keywords,meta_description,url,published_date,word_count
The Future of technology: The Rise of AI-Powered Customer Service: Transforming Business Operations,Futurist,technology,"Artificial intelligence is revolutionizing how businesses interact with customers. Companies implementing AI-powered chatbots and virtual assistants are seeing 40% reduction in customer service costs while improving response times by 70%. The technology has evolved beyond simple FAQ responses to handling complex queries, sentiment analysis, and personalized recommendations. Leading enterprises like Salesforce and Zendesk are integrating Claude and GPT-4 models into their platforms, enabling multilingual support and 24/7 availability. The key to success lies in balancing automation with human touch - using AI for routine inquiries while seamlessly escalating complex issues to human agents. As natural language processing continues to advance, we're moving toward truly conversational AI that understands context, emotion, and intent, creating experiences that feel natural and helpful rather than robotic.","AI customer service, chatbots, automation, digital transformation, NLP",,,2025-12-22T22:01:29.699930,122
The Future of manufacturing: Sustainable Supply Chain Management: The Future of Logistics,Futurist,manufacturing,"Global supply chains are undergoing a fundamental transformation driven by sustainability imperatives and consumer demand for ethical business practices. Companies are adopting circular economy principles, with 65% of Fortune 500 manufacturers now implementing closed-loop systems that minimize waste and maximize resource efficiency. Technologies like IoT sensors, blockchain for transparency, and AI-powered route optimization are reducing carbon emissions by up to 30% while cutting costs. DHL and Maersk are pioneering carbon-neutral shipping options, while Amazon has committed to net-zero carbon by 2040. The challenge extends beyond environmental impact - businesses must balance sustainability with profitability, reliability, and speed. Smart warehousing using renewable energy, electric vehicle fleets, and sustainable packaging materials are becoming competitive differentiators. Companies that integrate ESG metrics into supply chain KPIs are seeing improved brand reputation, regulatory compliance, and long-term resilience against climate risks.","sustainable supply chain, logistics, circular economy, ESG, carbon neutral",,,2025-12-22T22:01:29.700078,135
The Future of technology: The Metaverse Economy: Business Opportunities in Virtual Worlds,Futurist,technology,"The metaverse represents a $800 billion opportunity by 2024, creating entirely new business models and revenue streams. Virtual real estate in platforms like Decentraland and The Sandbox has sold for millions, while brands like Nike and Gucci are establishing virtual storefronts to reach digital-native consumers. The convergence of VR/AR, blockchain, and social platforms is enabling immersive experiences that blur physical and digital boundaries. Companies are hosting virtual conferences, product launches, and employee training in metaverse environments, reducing travel costs while increasing engagement. NFTs enable digital ownership and scarcity, powering virtual economies where users can buy, sell, and trade digital assets. However, challenges remain - interoperability between platforms, regulatory uncertainty, and accessibility concerns must be addressed. Forward-thinking businesses are experimenting with metaverse strategies now, building brand presence and understanding user behavior before mass adoption occurs. The key is creating genuine value rather than gimmicks, leveraging virtual worlds to enhance real-world offerings and customer relationships.","metaverse, virtual reality, NFT, digital economy, blockchain",,,2025-12-22T22:01:29.700120,153
The Future of healthcare: Personalized Medicine: How Data Analytics is Revolutionizing Healthcare,Futurist,healthcare,"Healthcare is shifting from one-size-fits-all treatments to personalized medicine powered by genomics, AI, and big data analytics. The cost of genome sequencing has dropped from $100 million in 2001 to under $1,000 today, making personalized treatment plans accessible to millions. Machine learning algorithms analyze patient data - genetic profiles, lifestyle factors, environmental exposures - to predict disease risk and optimize treatment protocols. Cancer immunotherapies tailored to individual tumor genetics are achieving remission rates 3x higher than traditional chemotherapy. Wearable devices continuously monitor vital signs, enabling early detection and preventive interventions. Companies like 23andMe and Tempus are building massive genomic databases that power drug discovery and clinical decision support. Privacy and ethical considerations are paramount - patients must control their genetic data while contributing to research that benefits society. The future of healthcare is proactive rather than reactive, with AI predicting health issues before symptoms appear and treatments customized to individual biology. This transformation promises better outcomes, reduced costs, and extended healthspans for populations worldwide.","personalized medicine, genomics, healthcare AI, precision medicine, biotech",,,2025-12-22T22:01:29.700152,164
Understanding Consumer Behavior in technology: The Rise of AI-Powered Customer Service: Transforming Business Operations,Understand People & Consumer,technology,"Artificial intelligence is revolutionizing how businesses interact with customers. Companies implementing AI-powered chatbots and virtual assistants are seeing 40% reduction in customer service costs while improving response times by 70%. The technology has evolved beyond simple FAQ responses to handling complex queries, sentiment analysis, and personalized recommendations. Leading enterprises like Salesforce and Zendesk are integrating Claude and GPT-4 models into their platforms, enabling multilingual support and 24/7 availability. The key to success lies in balancing automation with human touch - using AI for routine inquiries while seamlessly escalating complex issues to human agents. As natural language processing continues to advance, we're moving toward truly conversational AI that understands context, emotion, and intent, creating experiences that feel natural and helpful rather than robotic.","AI customer service, chatbots, automation, digital transformation, NLP",,,2025-12-22T22:01:29.700190,122
Understanding Consumer Behavior in manufacturing: Sustainable Supply Chain Management: The Future of Logistics,Understand People & Consumer,manufacturing,"Global supply chains are undergoing a fundamental transformation driven by sustainability imperatives and consumer demand for ethical business practices. Companies are adopting circular economy principles, with 65% of Fortune 500 manufacturers now implementing closed-loop systems that minimize waste and maximize resource efficiency. Technologies like IoT sensors, blockchain for transparency, and AI-powered route optimization are reducing carbon emissions by up to 30% while cutting costs. DHL and Maersk are pioneering carbon-neutral shipping options, while Amazon has committed to net-zero carbon by 2040. The challenge extends beyond environmental impact - businesses must balance sustainability with profitability, reliability, and speed. Smart warehousing using renewable energy, electric vehicle fleets, and sustainable packaging materials are becoming competitive differentiators. Companies that integrate ESG metrics into supply chain KPIs are seeing improved brand reputation, regulatory compliance, and long-term resilience against climate risks.","sustainable supply chain, logistics, circular economy, ESG, carbon neutral",,,2025-12-22T22:01:29.700217,135
Understanding Consumer Behavior in technology: The Metaverse Economy: Business Opportunities in Virtual Worlds,Understand People & Consumer,technology,"The metaverse represents a $800 billion opportunity by 2024, creating entirely new business models and revenue streams. Virtual real estate in platforms like Decentraland and The Sandbox has sold for millions, while brands like Nike and Gucci are establishing virtual storefronts to reach digital-native consumers. The convergence of VR/AR, blockchain, and social platforms is enabling immersive experiences that blur physical and digital boundaries. Companies are hosting virtual conferences, product launches, and employee training in metaverse environments, reducing travel costs while increasing engagement. NFTs enable digital ownership and scarcity, powering virtual economies where users can buy, sell, and trade digital assets. However, challenges remain - interoperability between platforms, regulatory uncertainty, and accessibility concerns must be addressed. Forward-thinking businesses are experimenting with metaverse strategies now, building brand presence and understanding user behavior before mass adoption occurs. The key is creating genuine value rather than gimmicks, leveraging virtual worlds to enhance real-world offerings and customer relationships.","metaverse, virtual reality, NFT, digital economy, blockchain",,,2025-12-22T22:01:29.700253,153
Understanding Consumer Behavior in healthcare: Personalized Medicine: How Data Analytics is Revolutionizing Healthcare,Understand People & Consumer,healthcare,"Healthcare is shifting from one-size-fits-all treatments to personalized medicine powered by genomics, AI, and big data analytics. The cost of genome sequencing has dropped from $100 million in 2001 to under $1,000 today, making personalized treatment plans accessible to millions. Machine learning algorithms analyze patient data - genetic profiles, lifestyle factors, environmental exposures - to predict disease risk and optimize treatment protocols. Cancer immunotherapies tailored to individual tumor genetics are achieving remission rates 3x higher than traditional chemotherapy. Wearable devices continuously monitor vital signs, enabling early detection and preventive interventions. Companies like 23andMe and Tempus are building massive genomic databases that power drug discovery and clinical decision support. Privacy and ethical considerations are paramount - patients must control their genetic data while contributing to research that benefits society. The future of healthcare is proactive rather than reactive, with AI predicting health issues before symptoms appear and treatments customized to individual biology. This transformation promises better outcomes, reduced costs, and extended healthspans for populations worldwide.","personalized medicine, genomics, healthcare AI, precision medicine, biotech",,,2025-12-22T22:01:29.700325,164
Digital Transformation in technology: The Rise of AI-Powered Customer Service: Transforming Business Operations,Transformation & Technology,technology,"Artificial intelligence is revolutionizing how businesses interact with customers. Companies implementing AI-powered chatbots and virtual assistants are seeing 40% reduction in customer service costs while improving response times by 70%. The technology has evolved beyond simple FAQ responses to handling complex queries, sentiment analysis, and personalized recommendations. Leading enterprises like Salesforce and Zendesk are integrating Claude and GPT-4 models into their platforms, enabling multilingual support and 24/7 availability. The key to success lies in balancing automation with human touch - using AI for routine inquiries while seamlessly escalating complex issues to human agents. As natural language processing continues to advance, we're moving toward truly conversational AI that understands context, emotion, and intent, creating experiences that feel natural and helpful rather than robotic.","AI customer service, chatbots, automation, digital transformation, NLP",,,2025-12-22T22:01:29.700406,122
Digital Transformation in manufacturing: Sustainable Supply Chain Management: The Future of Logistics,Transformation & Technology,manufacturing,"Global supply chains are undergoing a fundamental transformation driven by sustainability imperatives and consumer demand for ethical business practices. Companies are adopting circular economy principles, with 65% of Fortune 500 manufacturers now implementing closed-loop systems that minimize waste and maximize resource efficiency. Technologies like IoT sensors, blockchain for transparency, and AI-powered route optimization are reducing carbon emissions by up to 30% while cutting costs. DHL and Maersk are pioneering carbon-neutral shipping options, while Amazon has committed to net-zero carbon by 2040. The challenge extends beyond environmental impact - businesses must balance sustainability with profitability, reliability, and speed. Smart warehousing using renewable energy, electric vehicle fleets, and sustainable packaging materials are becoming competitive differentiators. Companies that integrate ESG metrics into supply chain KPIs are seeing improved brand reputation, regulatory compliance, and long-term resilience against climate risks.","sustainable supply chain, logistics, circular economy, ESG, carbon neutral",,,2025-12-22T22:01:29.700437,135
Digital Transformation in technology: The Metaverse Economy: Business Opportunities in Virtual Worlds,Transformation & Technology,technology,"The metaverse represents a $800 billion opportunity by 2024, creating entirely new business models and revenue streams. Virtual real estate in platforms like Decentraland and The Sandbox has sold for millions, while brands like Nike and Gucci are establishing virtual storefronts to reach digital-native consumers. The convergence of VR/AR, blockchain, and social platforms is enabling immersive experiences that blur physical and digital boundaries. Companies are hosting virtual conferences, product launches, and employee training in metaverse environments, reducing travel costs while increasing engagement. NFTs enable digital ownership and scarcity, powering virtual economies where users can buy, sell, and trade digital assets. However, challenges remain - interoperability between platforms, regulatory uncertainty, and accessibility concerns must be addressed. Forward-thinking businesses are experimenting with metaverse strategies now, building brand presence and understanding user behavior before mass adoption occurs. The key is creating genuine value rather than gimmicks, leveraging virtual worlds to enhance real-world offerings and customer relationships.","metaverse, virtual reality, NFT, digital economy, blockchain",,,2025-12-22T22:01:29.700462,153
Digital Transformation in healthcare: Personalized Medicine: How Data Analytics is Revolutionizing Healthcare,Transformation & Technology,healthcare,"Healthcare is shifting from one-size-fits-all treatments to personalized medicine powered by genomics, AI, and big data analytics. The cost of genome sequencing has dropped from $100 million in 2001 to under $1,000 today, making personalized treatment plans accessible to millions. Machine learning algorithms analyze patient data - genetic profiles, lifestyle factors, environmental exposures - to predict disease risk and optimize treatment protocols. Cancer immunotherapies tailored to individual tumor genetics are achieving remission rates 3x higher than traditional chemotherapy. Wearable devices continuously monitor vital signs, enabling early detection and preventive interventions. Companies like 23andMe and Tempus are building massive genomic databases that power drug discovery and clinical decision support. Privacy and ethical considerations are paramount - patients must control their genetic data while contributing to research that benefits society. The future of healthcare is proactive rather than reactive, with AI predicting health issues before symptoms appear and treatments customized to individual biology. This transformation promises better outcomes, reduced costs, and extended healthspans for populations worldwide.","personalized medicine, genomics, healthcare AI, precision medicine, biotech",,,2025-12-22T22:01:29.700485,164
Sustainable Solutions for technology: The Rise of AI-Powered Customer Service: Transforming Business Operations,Utility for Our World,technology,"Artificial intelligence is revolutionizing how businesses interact with customers. Companies implementing AI-powered chatbots and virtual assistants are seeing 40% reduction in customer service costs while improving response times by 70%. The technology has evolved beyond simple FAQ responses to handling complex queries, sentiment analysis, and personalized recommendations. Leading enterprises like Salesforce and Zendesk are integrating Claude and GPT-4 models into their platforms, enabling multilingual support and 24/7 availability. The key to success lies in balancing automation with human touch - using AI for routine inquiries while seamlessly escalating complex issues to human agents. As natural language processing continues to advance, we're moving toward truly conversational AI that understands context, emotion, and intent, creating experiences that feel natural and helpful rather than robotic.","AI customer service, chatbots, automation, digital transformation, NLP",,,2025-12-22T22:01:29.700583,122
Sustainable Solutions for manufacturing: Sustainable Supply Chain Management: The Future of Logistics,Utility for Our World,manufacturing,"Global supply chains are undergoing a fundamental transformation driven by sustainability imperatives and consumer demand for ethical business practices. Companies are adopting circular economy principles, with 65% of Fortune 500 manufacturers now implementing closed-loop systems that minimize waste and maximize resource efficiency. Technologies like IoT sensors, blockchain for transparency, and AI-powered route optimization are reducing carbon emissions by up to 30% while cutting costs. DHL and Maersk are pioneering carbon-neutral shipping options, while Amazon has committed to net-zero carbon by 2040. The challenge extends beyond environmental impact - businesses must balance sustainability with profitability, reliability, and speed. Smart warehousing using renewable energy, electric vehicle fleets, and sustainable packaging materials are becoming competitive differentiators. Companies that integrate ESG metrics into supply chain KPIs are seeing improved brand reputation, regulatory compliance, and long-term resilience against climate risks.","sustainable supply chain, logistics, circular economy, ESG, carbon neutral",,,2025-12-22T22:01:29.700615,135
Sustainable Solutions for technology: The Metaverse Economy: Business Opportunities in Virtual Worlds,Utility for Our World,technology,"The metaverse represents a $800 billion opportunity by 2024, creating entirely new business models and revenue streams. Virtual real estate in platforms like Decentraland and The Sandbox has sold for millions, while brands like Nike and Gucci are establishing virtual storefronts to reach digital-native consumers. The convergence of VR/AR, blockchain, and social platforms is enabling immersive experiences that blur physical and digital boundaries. Companies are hosting virtual conferences, product launches, and employee training in metaverse environments, reducing travel costs while increasing engagement. NFTs enable digital ownership and scarcity, powering virtual economies where users can buy, sell, and trade digital assets. However, challenges remain - interoperability between platforms, regulatory uncertainty, and accessibility concerns must be addressed. Forward-thinking businesses are experimenting with metaverse strategies now, building brand presence and understanding user behavior before mass adoption occurs. The key is creating genuine value rather than gimmicks, leveraging virtual worlds to enhance real-world offerings and customer relationships.","metaverse, virtual reality, NFT, digital economy, blockchain",,,2025-12-22T22:01:29.700641,153
Sustainable Solutions for healthcare: Personalized Medicine: How Data Analytics is Revolutionizing Healthcare,Utility for Our World,healthcare,"Healthcare is shifting from one-size-fits-all treatments to personalized medicine powered by genomics, AI, and big data analytics. The cost of genome sequencing has dropped from $100 million in 2001 to under $1,000 today, making personalized treatment plans accessible to millions. Machine learning algorithms analyze patient data - genetic profiles, lifestyle factors, environmental exposures - to predict disease risk and optimize treatment protocols. Cancer immunotherapies tailored to individual tumor genetics are achieving remission rates 3x higher than traditional chemotherapy. Wearable devices continuously monitor vital signs, enabling early detection and preventive interventions. Companies like 23andMe and Tempus are building massive genomic databases that power drug discovery and clinical decision support. Privacy and ethical considerations are paramount - patients must control their genetic data while contributing to research that benefits society. The future of healthcare is proactive rather than reactive, with AI predicting health issues before symptoms appear and treatments customized to individual biology. This transformation promises better outcomes, reduced costs, and extended healthspans for populations worldwide.","personalized medicine, genomics, healthcare AI, precision medicine, biotech",,,2025-12-22T22:01:29.700666,164
Real-time Marketing Strategies in technology: The Rise of AI-Powered Customer Service: Transforming Business Operations,Real-time Marketing,technology,"Artificial intelligence is revolutionizing how businesses interact with customers. Companies implementing AI-powered chatbots and virtual assistants are seeing 40% reduction in customer service costs while improving response times by 70%. The technology has evolved beyond simple FAQ responses to handling complex queries, sentiment analysis, and personalized recommendations. Leading enterprises like Salesforce and Zendesk are integrating Claude and GPT-4 models into their platforms, enabling multilingual support and 24/7 availability. The key to success lies in balancing automation with human touch - using AI for routine inquiries while seamlessly escalating complex issues to human agents. As natural language processing continues to advance, we're moving toward truly conversational AI that understands context, emotion, and intent, creating experiences that feel natural and helpful rather than robotic.","AI customer service, chatbots, automation, digital transformation, NLP",,,2025-12-22T22:01:29.700729,122
Real-time Marketing Strategies in manufacturing: Sustainable Supply Chain Management: The Future of Logistics,Real-time Marketing,manufacturing,"Global supply chains are undergoing a fundamental transformation driven by sustainability imperatives and consumer demand for ethical business practices. Companies are adopting circular economy principles, with 65% of Fortune 500 manufacturers now implementing closed-loop systems that minimize waste and maximize resource efficiency. Technologies like IoT sensors, blockchain for transparency, and AI-powered route optimization are reducing carbon emissions by up to 30% while cutting costs. DHL and Maersk are pioneering carbon-neutral shipping options, while Amazon has committed to net-zero carbon by 2040. The challenge extends beyond environmental impact - businesses must balance sustainability with profitability, reliability, and speed. Smart warehousing using renewable energy, electric vehicle fleets, and sustainable packaging materials are becoming competitive differentiators. Companies that integrate ESG metrics into supply chain KPIs are seeing improved brand reputation, regulatory compliance, and long-term resilience against climate risks.","sustainable supply chain, logistics, circular economy, ESG, carbon neutral",,,2025-12-22T22:01:29.700759,135
Real-time Marketing Strategies in technology: The Metaverse Economy: Business Opportunities in Virtual Worlds,Real-time Marketing,technology,"The metaverse represents a $800 billion opportunity by 2024, creating entirely new business models and revenue streams. Virtual real estate in platforms like Decentraland and The Sandbox has sold for millions, while brands like Nike and Gucci are establishing virtual storefronts to reach digital-native consumers. The convergence of VR/AR, blockchain, and social platforms is enabling immersive experiences that blur physical and digital boundaries. Companies are hosting virtual conferences, product launches, and employee training in metaverse environments, reducing travel costs while increasing engagement. NFTs enable digital ownership and scarcity, powering virtual economies where users can buy, sell, and trade digital assets. However, challenges remain - interoperability between platforms, regulatory uncertainty, and accessibility concerns must be addressed. Forward-thinking businesses are experimenting with metaverse strategies now, building brand presence and understanding user behavior before mass adoption occurs. The key is creating genuine value rather than gimmicks, leveraging virtual worlds to enhance real-world offerings and customer relationships.","metaverse, virtual reality, NFT, digital economy, blockchain",,,2025-12-22T22:01:29.700784,153
Real-time Marketing Strategies in healthcare: Personalized Medicine: How Data Analytics is Revolutionizing Healthcare,Real-time Marketing,healthcare,"Healthcare is shifting from one-size-fits-all treatments to personalized medicine powered by genomics, AI, and big data analytics. The cost of genome sequencing has dropped from $100 million in 2001 to under $1,000 today, making personalized treatment plans accessible to millions. Machine learning algorithms analyze patient data - genetic profiles, lifestyle factors, environmental exposures - to predict disease risk and optimize treatment protocols. Cancer immunotherapies tailored to individual tumor genetics are achieving remission rates 3x higher than traditional chemotherapy. Wearable devices continuously monitor vital signs, enabling early detection and preventive interventions. Companies like 23andMe and Tempus are building massive genomic databases that power drug discovery and clinical decision support. Privacy and ethical considerations are paramount - patients must control their genetic data while contributing to research that benefits society. The future of healthcare is proactive rather than reactive, with AI predicting health issues before symptoms appear and treatments customized to individual biology. This transformation promises better outcomes, reduced costs, and extended healthspans for populations worldwide.","personalized medicine, genomics, healthcare AI, precision medicine, biotech",,,2025-12-22T22:01:29.700809,164
New Experiences in technology: The Rise of AI-Powered Customer Service: Transforming Business Operations,Experience the New World,technology,"Artificial intelligence is revolutionizing how businesses interact with customers. Companies implementing AI-powered chatbots and virtual assistants are seeing 40% reduction in customer service costs while improving response times by 70%. The technology has evolved beyond simple FAQ responses to handling complex queries, sentiment analysis, and personalized recommendations. Leading enterprises like Salesforce and Zendesk are integrating Claude and GPT-4 models into their platforms, enabling multilingual support and 24/7 availability. The key to success lies in balancing automation with human touch - using AI for routine inquiries while seamlessly escalating complex issues to human agents. As natural language processing continues to advance, we're moving toward truly conversational AI that understands context, emotion, and intent, creating experiences that feel natural and helpful rather than robotic.","AI customer service, chatbots, automation, digital transformation, NLP",,,2025-12-22T22:01:29.700834,122
New Experiences in manufacturing: Sustainable Supply Chain Management: The Future of Logistics,Experience the New World,manufacturing,"Global supply chains are undergoing a fundamental transformation driven by sustainability imperatives and consumer demand for ethical business practices. Companies are adopting circular economy principles, with 65% of Fortune 500 manufacturers now implementing closed-loop systems that minimize waste and maximize resource efficiency. Technologies like IoT sensors, blockchain for transparency, and AI-powered route optimization are reducing carbon emissions by up to 30% while cutting costs. DHL and Maersk are pioneering carbon-neutral shipping options, while Amazon has committed to net-zero carbon by 2040. The challenge extends beyond environmental impact - businesses must balance sustainability with profitability, reliability, and speed. Smart warehousing using renewable energy, electric vehicle fleets, and sustainable packaging materials are becoming competitive differentiators. Companies that integrate ESG metrics into supply chain KPIs are seeing improved brand reputation, regulatory compliance, and long-term resilience against climate risks.","sustainable supply chain, logistics, circular economy, ESG, carbon neutral",,,2025-12-22T22:01:29.700854,135
New Experiences in technology: The Metaverse Economy: Business Opportunities in Virtual Worlds,Experience the New World,technology,"The metaverse represents a $800 billion opportunity by 2024, creating entirely new business models and revenue streams. Virtual real estate in platforms like Decentraland and The Sandbox has sold for millions, while brands like Nike and Gucci are establishing virtual storefronts to reach digital-native consumers. The convergence of VR/AR, blockchain, and social platforms is enabling immersive experiences that blur physical and digital boundaries. Companies are hosting virtual conferences, product launches, and employee training in metaverse environments, reducing travel costs while increasing engagement. NFTs enable digital ownership and scarcity, powering virtual economies where users can buy, sell, and trade digital assets. However, challenges remain - interoperability between platforms, regulatory uncertainty, and accessibility concerns must be addressed. Forward-thinking businesses are experimenting with metaverse strategies now, building brand presence and understanding user behavior before mass adoption occurs. The key is creating genuine value rather than gimmicks, leveraging virtual worlds to enhance real-world offerings and customer relationships.","metaverse, virtual reality, NFT, digital economy, blockchain",,,2025-12-22T22:01:29.700917,153
New Experiences in healthcare: Personalized Medicine: How Data Analytics is Revolutionizing Healthcare,Experience the New World,healthcare,"Healthcare is shifting from one-size-fits-all treatments to personalized medicine powered by genomics, AI, and big data analytics. The cost of genome sequencing has dropped from $100 million in 2001 to under $1,000 today, making personalized treatment plans accessible to millions. Machine learning algorithms analyze patient data - genetic profiles, lifestyle factors, environmental exposures - to predict disease risk and optimize treatment protocols. Cancer immunotherapies tailored to individual tumor genetics are achieving remission rates 3x higher than traditional chemotherapy. Wearable devices continuously monitor vital signs, enabling early detection and preventive interventions. Companies like 23andMe and Tempus are building massive genomic databases that power drug discovery and clinical decision support. Privacy and ethical considerations are paramount - patients must control their genetic data while contributing to research that benefits society. The future of healthcare is proactive rather than reactive, with AI predicting health issues before symptoms appear and treatments customized to individual biology. This transformation promises better outcomes, reduced costs, and extended healthspans for populations worldwide.","personalized medicine, genomics, healthcare AI, precision medicine, biotech",,,2025-12-22T22:01:29.700950,164
